{
    "acurracy": 0.929726162982514,
    "loss": 0.07027383701748602,
    "model_name": "model_0.929726162982514_ce396",
    "report": {
        "0": {
            "f1-score": 0.9484747500640861,
            "precision": 0.9893048128342246,
            "recall": 0.9108813392417529,
            "support": 2031.0
        },
        "1": {
            "f1-score": 0.8782664117272148,
            "precision": 0.8105882352941176,
            "recall": 0.9582753824756607,
            "support": 719.0
        },
        "2": {
            "f1-score": 0.9425675675675675,
            "precision": 0.8971061093247589,
            "recall": 0.9928825622775801,
            "support": 281.0
        },
        "accuracy": 0.929726162982514,
        "macro avg": {
            "f1-score": 0.9231029097862895,
            "precision": 0.8989997191510337,
            "recall": 0.954013094664998,
            "support": 3031.0
        },
        "weighted avg": {
            "f1-score": 0.9312726010882588,
            "precision": 0.9383628613536911,
            "recall": 0.929726162982514,
            "support": 3031.0
        }
    },
    "space": {
        "compress_factor": 0.5,
        "dropout_rate": 0.33116775681955357,
        "growth_rate": 32,
        "num_blocks": 3,
        "num_filters": 64,
        "num_layers_per_block": 2
    },
    "status": "ok"
}