{
    "acurracy": 0.8934345100626856,
    "batch_teste": 1,
    "batch_treino": 8,
    "confusion_matrix": [
        [
            1722,
            248,
            61
        ],
        [
            4,
            708,
            7
        ],
        [
            1,
            2,
            278
        ]
    ],
    "data_execucao": "2025-05-22 18:52:13",
    "epoch": 10,
    "loss": 0.1065654899373144,
    "model_name": "model_0.8934345100626856_35bb9",
    "report": {
        "0": {
            "f1-score": 0.9164449175093135,
            "precision": 0.9971048060220035,
            "recall": 0.8478581979320532,
            "support": 2031.0
        },
        "1": {
            "f1-score": 0.8443649373881932,
            "precision": 0.7390396659707724,
            "recall": 0.9847009735744089,
            "support": 719.0
        },
        "2": {
            "f1-score": 0.886762360446571,
            "precision": 0.8034682080924855,
            "recall": 0.9893238434163701,
            "support": 281.0
        },
        "accuracy": 0.8934345100626856,
        "macro avg": {
            "f1-score": 0.8825240717813592,
            "precision": 0.8465375600284205,
            "recall": 0.9406276716409442,
            "support": 3031.0
        },
        "weighted avg": {
            "f1-score": 0.8965946026819575,
            "precision": 0.9179359773466391,
            "recall": 0.8934345100626856,
            "support": 3031.0
        }
    },
    "space": {
        "compress_factor": 0.5,
        "dropout_rate": 0.3332771078224203,
        "growth_rate": 32,
        "num_blocks": 3,
        "num_filters": 64,
        "num_layers_per_block": 2
    },
    "status": "ok"
}