{
    "acurracy": 0.8422962718574728,
    "batch_teste": 1,
    "batch_treino": 8,
    "data_execucao": "2025-04-24 15:44:49",
    "epoch": 10,
    "loss": 0.1577037281425272,
    "model_name": "model_0.8422962718574728_83136",
    "report": {
        "0": {
            "f1-score": 0.8833957553058677,
            "precision": 0.8961499493414387,
            "recall": 0.8709995076317085,
            "support": 2031.0
        },
        "1": {
            "f1-score": 0.71518544436669,
            "precision": 0.719718309859155,
            "recall": 0.7107093184979137,
            "support": 719.0
        },
        "2": {
            "f1-score": 0.8694267515923567,
            "precision": 0.7867435158501441,
            "recall": 0.9715302491103203,
            "support": 281.0
        },
        "accuracy": 0.8422962718574728,
        "macro avg": {
            "f1-score": 0.8226693170883048,
            "precision": 0.8008705916835792,
            "recall": 0.8510796917466475,
            "support": 3031.0
        },
        "weighted avg": {
            "f1-score": 0.8421986244550707,
            "precision": 0.8441547145678273,
            "recall": 0.8422962718574728,
            "support": 3031.0
        }
    },
    "space": {
        "compress_factor": 0.5,
        "dropout_rate": 0.25461524000515134,
        "growth_rate": 32,
        "num_blocks": 3,
        "num_filters": 64,
        "num_layers_per_block": 2
    },
    "status": "ok"
}