{
    "acurracy": 0.6146486308149126,
    "batch_teste": 1,
    "batch_treino": 8,
    "confusion_matrix": [
        [
            876,
            1033,
            122
        ],
        [
            6,
            710,
            3
        ],
        [
            1,
            3,
            277
        ]
    ],
    "data_execucao": "2025-05-27 18:22:53",
    "epoch": 10,
    "loss": 0.3853513691850874,
    "model_name": "model_0.6146486308149126_b8548",
    "report": {
        "0": {
            "f1-score": 0.6012354152367879,
            "precision": 0.9920724801812004,
            "recall": 0.43131462333825704,
            "support": 2031.0
        },
        "1": {
            "f1-score": 0.5760649087221096,
            "precision": 0.4066437571592211,
            "recall": 0.9874826147426982,
            "support": 719.0
        },
        "2": {
            "f1-score": 0.8111273792093704,
            "precision": 0.6890547263681592,
            "recall": 0.9857651245551602,
            "support": 281.0
        },
        "accuracy": 0.6146486308149126,
        "macro avg": {
            "f1-score": 0.6628092343894226,
            "precision": 0.6959236545695268,
            "recall": 0.8015207875453717,
            "support": 3031.0
        },
        "weighted avg": {
            "f1-score": 0.6147233887413217,
            "precision": 0.8251073727334051,
            "recall": 0.6146486308149126,
            "support": 3031.0
        }
    },
    "space": {
        "compress_factor": 0.5,
        "dropout_rate": 0.2779166300746879,
        "growth_rate": 32,
        "num_blocks": 3,
        "num_filters": 64,
        "num_layers_per_block": 2
    },
    "status": "ok"
}