{
    "acurracy": 0.7746618277796107,
    "batch_teste": 1,
    "batch_treino": 8,
    "confusion_matrix": [
        [
            1361,
            539,
            131
        ],
        [
            1,
            712,
            6
        ],
        [
            1,
            5,
            275
        ]
    ],
    "data_execucao": "2025-05-22 14:40:57",
    "epoch": 10,
    "loss": 0.22533817222038932,
    "model_name": "model_0.7746618277796107_2bbd4",
    "report": {
        "0": {
            "f1-score": 0.8020035356511491,
            "precision": 0.9985326485693323,
            "recall": 0.6701132447070408,
            "support": 2031.0
        },
        "1": {
            "f1-score": 0.7210126582278481,
            "precision": 0.5668789808917197,
            "recall": 0.9902642559109874,
            "support": 719.0
        },
        "2": {
            "f1-score": 0.7936507936507936,
            "precision": 0.6674757281553398,
            "recall": 0.9786476868327402,
            "support": 281.0
        },
        "accuracy": 0.7746618277796107,
        "macro avg": {
            "f1-score": 0.7722223291765969,
            "precision": 0.7442957858721306,
            "recall": 0.8796750624835895,
            "support": 3031.0
        },
        "weighted avg": {
            "f1-score": 0.7820168773306433,
            "precision": 0.8654458845651967,
            "recall": 0.7746618277796107,
            "support": 3031.0
        }
    },
    "space": {
        "compress_factor": 0.5,
        "dropout_rate": 0.25500229496199633,
        "growth_rate": 32,
        "num_blocks": 3,
        "num_filters": 64,
        "num_layers_per_block": 2
    },
    "status": "ok"
}