{
    "acurracy": 0.7228637413394919,
    "loss": 0.27713625866050806,
    "model_name": "model_0.7228637413394919_adde9",
    "report": {
        "0": {
            "f1-score": 0.7575846833578792,
            "precision": 0.9428152492668622,
            "recall": 0.6331856228458888,
            "support": 2031.0
        },
        "1": {
            "f1-score": 0.6266266266266266,
            "precision": 0.48944487881157156,
            "recall": 0.8706536856745479,
            "support": 719.0
        },
        "2": {
            "f1-score": 0.8340807174887892,
            "precision": 0.7190721649484536,
            "recall": 0.9928825622775801,
            "support": 281.0
        },
        "accuracy": 0.7228637413394919,
        "macro avg": {
            "f1-score": 0.7394306758244316,
            "precision": 0.7171107643422957,
            "recall": 0.8322406235993389,
            "support": 3031.0
        },
        "weighted avg": {
            "f1-score": 0.7336112563704213,
            "precision": 0.8145258718169027,
            "recall": 0.7228637413394919,
            "support": 3031.0
        }
    },
    "space": {
        "compress_factor": 0.5,
        "dropout_rate": 0.34644240609282884,
        "growth_rate": 32,
        "num_blocks": 3,
        "num_filters": 64,
        "num_layers_per_block": 2
    },
    "status": "ok"
}