{
    "acurracy": 0.8396568789178489,
    "batch_teste": 1,
    "batch_treino": 8,
    "confusion_matrix": [
        [
            1593,
            271,
            167
        ],
        [
            25,
            679,
            15
        ],
        [
            3,
            5,
            273
        ]
    ],
    "data_execucao": "2025-05-22 12:35:23",
    "epoch": 10,
    "loss": 0.1603431210821511,
    "model_name": "model_0.8396568789178489_60232",
    "report": {
        "0": {
            "f1-score": 0.8723986856516976,
            "precision": 0.9827267119062307,
            "recall": 0.7843426883308715,
            "support": 2031.0
        },
        "1": {
            "f1-score": 0.8112305854241338,
            "precision": 0.7109947643979058,
            "recall": 0.9443671766342142,
            "support": 719.0
        },
        "2": {
            "f1-score": 0.7418478260869565,
            "precision": 0.6,
            "recall": 0.9715302491103203,
            "support": 281.0
        },
        "accuracy": 0.8396568789178489,
        "macro avg": {
            "f1-score": 0.8084923657209293,
            "precision": 0.7645738254347122,
            "recall": 0.9000800380251354,
            "support": 3031.0
        },
        "weighted avg": {
            "f1-score": 0.8457854703427863,
            "precision": 0.882785611179033,
            "recall": 0.8396568789178489,
            "support": 3031.0
        }
    },
    "space": {
        "compress_factor": 0.5,
        "dropout_rate": 0.20522399491618737,
        "growth_rate": 32,
        "num_blocks": 3,
        "num_filters": 64,
        "num_layers_per_block": 2
    },
    "status": "ok"
}