{
    "acurracy": 0.8647311118442759,
    "batch_teste": 1,
    "batch_treino": 8,
    "data_execucao": "2025-05-15 15:44:14",
    "epoch": 10,
    "loss": 0.13526888815572413,
    "model_name": "model_0.8647311118442759_cc3b2",
    "report": {
        "0": {
            "f1-score": 0.8907654590029964,
            "precision": 0.9969512195121951,
            "recall": 0.8050221565731167,
            "support": 2031.0
        },
        "1": {
            "f1-score": 0.7908533184606804,
            "precision": 0.660148975791434,
            "recall": 0.9860917941585535,
            "support": 719.0
        },
        "2": {
            "f1-score": 0.9264214046822743,
            "precision": 0.8738170347003155,
            "recall": 0.9857651245551602,
            "support": 281.0
        },
        "accuracy": 0.8647311118442759,
        "macro avg": {
            "f1-score": 0.8693467273819837,
            "precision": 0.8436390766679814,
            "recall": 0.9256263584289434,
            "support": 3031.0
        },
        "weighted avg": {
            "f1-score": 0.8703703721293414,
            "precision": 0.9056409195559546,
            "recall": 0.8647311118442759,
            "support": 3031.0
        }
    },
    "space": {
        "compress_factor": 0.5,
        "dropout_rate": 0.3253249996832921,
        "growth_rate": 32,
        "num_blocks": 3,
        "num_filters": 64,
        "num_layers_per_block": 2
    },
    "status": "ok"
}