{
    "acurracy": 0.9082810953480699,
    "batch_teste": 1,
    "batch_treino": 8,
    "confusion_matrix": [
        [
            1780,
            186,
            65
        ],
        [
            14,
            694,
            11
        ],
        [
            2,
            0,
            279
        ]
    ],
    "data_execucao": "2025-05-27 20:26:22",
    "epoch": 10,
    "loss": 0.09171890465193011,
    "model_name": "model_0.9082810953480699_ff0d4",
    "report": {
        "0": {
            "f1-score": 0.9302325581395349,
            "precision": 0.9910913140311804,
            "recall": 0.8764155588380108,
            "support": 2031.0
        },
        "1": {
            "f1-score": 0.868042526579112,
            "precision": 0.7886363636363637,
            "recall": 0.9652294853963839,
            "support": 719.0
        },
        "2": {
            "f1-score": 0.8773584905660378,
            "precision": 0.7859154929577464,
            "recall": 0.9928825622775801,
            "support": 281.0
        },
        "accuracy": 0.9082810953480699,
        "macro avg": {
            "f1-score": 0.8918778584282282,
            "precision": 0.8552143902084302,
            "recall": 0.9448425355039914,
            "support": 3031.0
        },
        "weighted avg": {
            "f1-score": 0.9105782375588365,
            "precision": 0.924044294877268,
            "recall": 0.9082810953480699,
            "support": 3031.0
        }
    },
    "space": {
        "compress_factor": 0.5,
        "dropout_rate": 0.23912671181324657,
        "growth_rate": 32,
        "num_blocks": 3,
        "num_filters": 64,
        "num_layers_per_block": 2
    },
    "status": "ok"
}