{
    "f1": 0.231706714997499,
    "loss": 0.768293285002501,
    "model_name": "model_0.231706714997499_d2d3c",
    "report": "              precision    recall  f1-score   support\n\n           0       0.38      0.45      0.42       242\n           1       0.00      0.00      0.00       234\n           2       0.21      0.49      0.30       148\n\n    accuracy                           0.29       624\n   macro avg       0.20      0.31      0.24       624\nweighted avg       0.20      0.29      0.23       624\n",
    "space": {
        "compress_factor": 1,
        "dropout_rate": 0.25552193733469214,
        "growth_rate": 16,
        "num_blocks": 2,
        "num_filters": 32,
        "num_layers_per_block": 2
    },
    "status": "ok"
}