{
    "acurracy": 0.8617617947871989,
    "batch_teste": 1,
    "batch_treino": 8,
    "data_execucao": "2025-04-24 13:53:51",
    "epoch": 10,
    "loss": 0.13823820521280106,
    "model_name": "model_0.8617617947871989_6f6e7",
    "report": {
        "0": {
            "f1-score": 0.8983641727004559,
            "precision": 0.9864546525323911,
            "recall": 0.8247168882323979,
            "support": 2031.0
        },
        "1": {
            "f1-score": 0.8163771712158809,
            "precision": 0.7368421052631579,
            "recall": 0.9151599443671766,
            "support": 719.0
        },
        "2": {
            "f1-score": 0.7739251040221914,
            "precision": 0.634090909090909,
            "recall": 0.9928825622775801,
            "support": 281.0
        },
        "accuracy": 0.8617617947871989,
        "macro avg": {
            "f1-score": 0.8295554826461761,
            "precision": 0.7857958889621527,
            "recall": 0.9109197982923849,
            "support": 3031.0
        },
        "weighted avg": {
            "f1-score": 0.8673790086074167,
            "precision": 0.8945755257116602,
            "recall": 0.8617617947871989,
            "support": 3031.0
        }
    },
    "space": {
        "compress_factor": 0.5,
        "dropout_rate": 0.28113441472182765,
        "growth_rate": 32,
        "num_blocks": 3,
        "num_filters": 64,
        "num_layers_per_block": 2
    },
    "status": "ok"
}