{
    "acurracy": 0.9109204882876938,
    "batch_teste": 1,
    "batch_treino": 8,
    "data_execucao": "2025-04-24 14:49:21",
    "epoch": 10,
    "loss": 0.08907951171230621,
    "model_name": "model_0.9109204882876938_ac929",
    "report": {
        "0": {
            "f1-score": 0.9440242057488654,
            "precision": 0.9674418604651163,
            "recall": 0.9217134416543574,
            "support": 2031.0
        },
        "1": {
            "f1-score": 0.8577435178696566,
            "precision": 0.864406779661017,
            "recall": 0.8511821974965229,
            "support": 719.0
        },
        "2": {
            "f1-score": 0.828101644245142,
            "precision": 0.7139175257731959,
            "recall": 0.9857651245551602,
            "support": 281.0
        },
        "accuracy": 0.9109204882876938,
        "macro avg": {
            "f1-score": 0.8766231226212212,
            "precision": 0.8485887219664431,
            "recall": 0.9195535879020135,
            "support": 3031.0
        },
        "weighted avg": {
            "f1-score": 0.9128100670594238,
            "precision": 0.9194964427328242,
            "recall": 0.9109204882876938,
            "support": 3031.0
        }
    },
    "space": {
        "compress_factor": 0.5,
        "dropout_rate": 0.27830259459314016,
        "growth_rate": 32,
        "num_blocks": 3,
        "num_filters": 64,
        "num_layers_per_block": 2
    },
    "status": "ok"
}