{
    "acurracy": 0.906631474760805,
    "loss": 0.09336852523919503,
    "model_name": "model_0.906631474760805_1b321",
    "report": {
        "0": {
            "f1-score": 0.9296651959512069,
            "precision": 0.9829857299670691,
            "recall": 0.8818316100443131,
            "support": 2031.0
        },
        "1": {
            "f1-score": 0.863318499682136,
            "precision": 0.7950819672131147,
            "recall": 0.9443671766342142,
            "support": 719.0
        },
        "2": {
            "f1-score": 0.8742138364779874,
            "precision": 0.7830985915492957,
            "recall": 0.9893238434163701,
            "support": 281.0
        },
        "accuracy": 0.906631474760805,
        "macro avg": {
            "f1-score": 0.8890658440371101,
            "precision": 0.8537220962431599,
            "recall": 0.9385075433649659,
            "support": 3031.0
        },
        "weighted avg": {
            "f1-score": 0.9087859129985719,
            "precision": 0.9198807839705374,
            "recall": 0.906631474760805,
            "support": 3031.0
        }
    },
    "space": {
        "compress_factor": 0.5,
        "dropout_rate": 0.2660559939412834,
        "growth_rate": 32,
        "num_blocks": 3,
        "num_filters": 64,
        "num_layers_per_block": 2
    },
    "status": "ok"
}