{
    "acurracy": 0.20620257340811612,
    "batch_teste": 1,
    "batch_treino": 8,
    "confusion_matrix": [
        [
            328,
            52,
            1651
        ],
        [
            62,
            16,
            641
        ],
        [
            0,
            0,
            281
        ]
    ],
    "data_execucao": "2025-05-21 13:21:26",
    "epoch": 1,
    "loss": 0.7937974265918839,
    "model_name": "model_0.20620257340811612_e5106",
    "report": {
        "0": {
            "f1-score": 0.27096241222635276,
            "precision": 0.841025641025641,
            "recall": 0.16149679960610536,
            "support": 2031.0
        },
        "1": {
            "f1-score": 0.04066073697585769,
            "precision": 0.23529411764705882,
            "recall": 0.022253129346314324,
            "support": 719.0
        },
        "2": {
            "f1-score": 0.19691660826909602,
            "precision": 0.10921103769918383,
            "recall": 1.0,
            "support": 281.0
        },
        "accuracy": 0.20620257340811612,
        "macro avg": {
            "f1-score": 0.16951325249043547,
            "precision": 0.39517693212396116,
            "recall": 0.3945833096508065,
            "support": 3031.0
        },
        "weighted avg": {
            "f1-score": 0.2094666103731376,
            "precision": 0.6294912072269162,
            "recall": 0.20620257340811612,
            "support": 3031.0
        }
    },
    "space": {
        "compress_factor": 0.5,
        "dropout_rate": 0.2325146748427321,
        "growth_rate": 32,
        "num_blocks": 3,
        "num_filters": 64,
        "num_layers_per_block": 2
    },
    "status": "ok"
}